{
    "Mentiongift": false,
    "Mentionkick": false,
    "Respontag": "WHY TAG",
    "Talkblacklist": {},
    "Talkdblacklist": false,
    "Talkwblacklist": false,
    "addadmin": false,
    "addbots": false,
    "addstaff": false,
    "admin": {},
    "autoAdd": true,
    "autoJoin": true,
    "autoLeave": false,
    "autoLeave1": false,
    "blacklist": {},
    "bots": {},
    "comment": "Like like & like",
    "contact": false,
    "dblacklist": false,
    "delladmin": false,
    "dellbots": false,
    "dellstaff": false,
    "detectMention": false,
    "leave": "Good Bye, See You Next Time 😃",
    "limit": 5,
    "mention": "Hi there",
    "message": "Hello guys 😃",
    "owner": {},
    "selfbot": true,
    "staff": {},
    "sticker": false,
    "talkban": true,
    "unsend": true,
    "wblacklist": false,
    "welcome": "Welcome friends ",
    "welcomeOn": false
    "protectantijsOn": true,
    "ghostOn": true,
}
